gene_symbol_a,gene_symbol_b
ABI1,CCDC106
ABI1,PURB
ABI1,RNF157
ABL1,ALDH4A1
ABL1,AP1AR
ABL1,AQP11
ABL1,ASIP
ABL1,B3GNT9
ABL1,BAG3
ABL1,BET1L
ABL1,BTNL9
ABL1,BYSL
ABL1,BZW2
ABL1,CCDC22
ABL1,FAM114A2
ABL1,FDPS
ABL1,GRB7
ABL1,GYS1
ABL1,HAVCR1
ABL1,KCTD4
ABL1,KIAA1958
ABL1,KYAT1
ABL1,LENG1
ABL1,LIMA1
ABL1,LRRC43
ABL1,NOCT
ABL1,NUDT9
ABL1,OTUD3
ABL1,P3H2
ABL1,PASD1
ABL1,PRKRA
ABL1,PTCHD4
ABL1,QTRT2
ABL1,RAB6D
ABL1,RPL10L
ABL1,TAPBP
ABL1,TLCD2
ABL2,COX15
ACSL3,EDRF1
ACVR1B,H2BC7
ACVR1B,PRDM6
ACVR1B,RASSF10
ACVR2A,APOBEC3B
ACVR2A,CIRBP
ACVR2A,RBM17
ACVR2A,RNF14
AFF1,APBA2
AFF1,CCDC115
AFF1,DCUN1D2
AFF1,FAM177A1
AFF1,KPNA5
AFF1,PDRG1
AFF1,SDS
AFF1,TPPP3
AFF1,ZNF586
AFF3,CIB3
AFF4,APLP1
AFF4,ENTPD4
AFF4,MRPS35
AFF4,PDIA3
AFF4,RDH13
AFF4,STRN4
ALK,HNRNPA1
AMER1,BCO1
AMER1,PRKCD
APOBEC3B,TDRD7
AR,ABHD10
AR,ALG2
AR,AMER2
AR,APEX1
AR,ASCC1
AR,B3GNT5
AR,BCAS1
AR,C11orf24
AR,C12orf75
AR,C1orf162
AR,CBX3
AR,CD46
AR,CDH17
AR,CDH9
AR,CGRRF1
AR,CHKA
AR,CITED1
AR,CLDN4
AR,CPNE1
AR,CRACDL
AR,CYB5D1
AR,CYB5R2
AR,DBF4B
AR,DDN
AR,DPY19L3
AR,ELMO3
AR,ELOVL1
AR,FAM210A
AR,FAM222B
AR,FBXL8
AR,FOXR2
AR,FRK
AR,GOLT1B
AR,GUSB
AR,HACL1
AR,HEMGN
AR,HIF1AN
AR,IFIT2
AR,INTS6
AR,JAGN1
AR,LMAN1
AR,LRRC2
AR,LRRC23
AR,MAL
AR,MAX
AR,MCC
AR,MPHOSPH6
AR,MRPS5
AR,N6AMT1
AR,NUDT14
AR,PCDHB4
AR,PMS1
AR,PNPT1
AR,PRIM2
AR,PSMB7
AR,ROBO4
AR,RRAGC
AR,RXYLT1
AR,SERPINB9
AR,SFMBT1
AR,SLC19A3
AR,SLC24A2
AR,SLC2A5
AR,SSBP3
AR,ST8SIA2
AR,TMEM217
AR,TMEM270
AR,TSPYL6
AR,TXNDC15
AR,UBE2N
AR,UBE4A
AR,UNG
ARHGEF12,AAMP
ARHGEF12,MT1E
ARHGEF12,PDF
ARNT,ATG5
ARNT,FPR1
ARNT,GSPT1
ARNT,NAA30
ARNT,OSTM1
ARNT,RCAN1
ARNT,STAM2
ARNT,YIPF6
ASPSCR1,SIRPB2
ASXL1,ZCWPW2
ASXL1,ZNF70
ATP1A1,METTL5
AXIN2,GPATCH11
AXIN2,RABEP1
AXIN2,UNC13D
B2M,EBF3
BAP1,AZGP1
BAP1,C22orf31
BAP1,CLDN4
BAP1,KCNQ2
BAP1,MARCHF3
BAP1,NAT8
BAP1,PCDHGB2
BAP1,PCK2
BAP1,PLCB4
BAP1,PTCD1
BAP1,RASSF3
BAP1,SMIM5
BAP1,UTP11
BAP1,ZBED3
BAP1,ZNF800
BARD1,ABHD5
BARD1,ASTE1
BARD1,CAPRIN2
BARD1,DLGAP1
BARD1,HOMER1
BARD1,ICAM3
BARD1,MCOLN3
BARD1,NUCB1
BARD1,PDGFD
BARD1,PLA2G6
BARD1,TUBGCP4
BARD1,ZNF790
BAX,ANKEF1
BAX,BAG1
BAX,E2F7
BAX,EIF4A3
BAX,HLA-DQB1
BAX,MPST
BAX,PHF12
BAX,RALA
BAX,WNK3
BAX,ZNF584
BCL10,ARID4B
BCL10,C5orf24
BCL10,CCDC82
BCL10,JUN
BCL10,PIF1
BCL10,PLEKHG6
BCL10,PTBP2
BCL10,RNF125
BCL10,SKAP1
BCL10,SNRNP25
BCL10,TBC1D9
BCL10,TMEM231
BCL10,VTN
BCL11A,COBLL1
BCL11A,LYPD6
BCL11A,NME1
BCL11A,OXA1L
BCL11A,USP46
BCL11B,CLCC1
BCL11B,DPP7
BCL11B,METTL8
BCL11B,PCLAF
BCL11B,PIK3AP1
BCL11B,RPS6KC1
BCL11B,SERPINB6
BCL11B,ZMYND19
BCL2,AKAP17A
BCL2,ARMCX5
BCL2,C15orf40
BCL2,CTBP2
BCL2,EXOSC2
BCL2,FOXD4L3
BCL2,GMPPA
BCL2,HNF4G
BCL2,ILK
BCL2,LINGO1
BCL2,NEU3
BCL2,NMRK2
BCL2,NTF4
BCL2,PABPC3
BCL2,PDE3A
BCL2,PER3
BCL2,PLGLB1
BCL2,PTGES
BCL2,RNF5
BCL2,SGMS2
BCL2,SLC2A3
BCL2,SMPD4
BCL2,STAG1
BCL2,STN1
BCL2,SUPT5H
BCL2,TENT5C
BCL2,TFAP2C
BCL2,TTI2
BCL2,USP21
BCL2,VAC14
BCL2,ZNF860
BCL2,ZSCAN31
BCL3,ADAR
BCL3,CALCOCO2
BCL3,HEPN1
BCL3,LMLN
BCL3,MFSD1
BCL3,NDNF
BCL3,NIT2
BCL3,PCDHA11
BCL3,SLC43A1
BCL3,TBC1D24
BCL3,TUBB2B
BCL6,AKR1C1
BCL6,ANKRD2
BCL6,CPVL
BCL6,EIF5A
BCL6,GBP4
BCL6,HSPA6
BCL6,IL36G
BCL6,MMP11
BCL6,MSN
BCL6,RMDN1
BCL6,SLC41A1
BCL6,TGFA
BCL7A,FOXO4
BCOR,COX4I1
BCOR,FAM219A
BCR,CILK1
BCR,ELF4
BCR,KIAA0930
BCR,NUDT5
BCR,RFESD
BIRC3,ACD
BIRC3,CDC25C
BIRC3,COG2
BIRC3,CTSF
BIRC3,CXCL8
BIRC3,H1-4
BIRC3,MAGEH1
BIRC3,MKKS
BIRC3,MTUS2
BIRC3,NAT14
BIRC3,PIGO
BIRC3,PLIN2
BIRC3,PNCK
BIRC3,PRDM15
BIRC3,PTPN9
BIRC3,RFLNA
BIRC3,SLC2A13
BLM,BCL2L13
BLM,FCMR
BLM,OLFML3
BLM,PPID
BLM,SMIM17
BLM,VDAC2
BLM,XPNPEP3
BMPR1A,ANKRD16
BMPR1A,E2F6
BMPR1A,IL6ST
BMPR1A,SRF
BRAF,DBN1
BRAF,IKBKE
BRAF,LRRC34
BRAF,PKD2L2
BRAF,PPP2R2D
BRAF,TRA2A
BRAF,TRIM22
BRCA1,COX7A2L
BRD3,ANXA3
BRD4,ECH1
BRD4,HAPLN3
BRD4,LYPD3
BRD4,RARS2
BRD4,SNAP25
BRD4,TSPAN16
BRD4,VPS72
BTG1,KLRC2
BTG1,MRPL54
BTK,RPL7L1
BTK,SCML4
BTK,UBE2H
BTK,ZBED5
BUB1B,ALDH1L2
BUB1B,ALDH4A1
BUB1B,ATP6V0D2
BUB1B,C18orf63
BUB1B,CYP27A1
BUB1B,DEPP1
BUB1B,DES
BUB1B,DGCR8
BUB1B,HSD3B7
BUB1B,KRT14
BUB1B,NPEPL1
BUB1B,PHTF2
BUB1B,PJA2
BUB1B,UTP11
BUB1B,ZNF438
CALR,NHLRC4
CALR,TMEM182
CALR,VSIR
CARD11,ETV1
CARD11,FAM131A
CARD11,FGD3
CARD11,MAT2A
CARD11,P4HA2
CARD11,PAFAH1B2
CARD11,TMA7
CASP8,APOM
CASP8,BAHD1
CASP8,BRIX1
CASP8,C1orf105
CASP8,CCDC18
CASP8,CD63
CASP8,CDK20
CASP8,CHCHD4
CASP8,CHCHD6
CASP8,CHRNA2
CASP8,COQ8B
CASP8,CPSF2
CASP8,CXCR2
CASP8,DERPC
CASP8,DHX34
CASP8,FADS3
CASP8,FLVCR1
CASP8,GP6
CASP8,HMBS
CASP8,IBA57
CASP8,LRRC10B
CASP8,MKNK1
CASP8,MTHFSD
CASP8,NTSR1
CASP8,RARRES1
CASP8,SLC1A4
CASP8,SOX8
CASP8,SUSD4
CASP8,TIGD1
CASP8,WDR55
CASP8,XPA
CASP8,ZBTB7A
CASP8,ZNF334
CBFA2T3,BZW2
CBFA2T3,GAB2
CBFA2T3,MIF
CBFA2T3,VMP1
CBFA2T3,ZNF20
CBFA2T3,ZNG1E
CBFB,HPSE
CBFB,ITIH5
CBFB,PTPRN2
CBFB,TGFB3
CBL,ANKRD27
CBL,ARRDC2
CBL,CCP110
CBL,CHGB
CBL,CMC4
CBL,CMSS1
CBL,CNR1
CBL,COL10A1
CBL,CWC22
CBL,EIPR1
CBL,ERAL1
CBL,ESCO2
CBL,GALNT12
CBL,GAREM1
CBL,GPKOW
CBL,GPR65
CBL,GPS2
CBL,HIGD2B
CBL,HLA-E
CBL,HMGXB4
CBL,HNRNPF
CBL,HPR
CBL,IMPACT
CBL,METTL23
CBL,MICU1
CBL,NADSYN1
CBL,NECAP2
CBL,NKX6-1
CBL,NUS1
CBL,OXCT1
CBL,POGLUT3
CBL,POLE4
CBL,POU3F2
CBL,POU3F4
CBL,PPWD1
CBL,PTPMT1
CBL,QRICH1
CBL,RBM22
CBL,RDH8
CBL,RFX3
CBL,RTN4RL1
CBL,SLC12A4
CBL,SLC23A3
CBL,SLITRK6
CBL,SP140L
CBL,SSX4B
CBL,STH
CBL,STIM1
CBL,TCEA2
CBL,TCF12
CBL,TCF21
CBL,TIA1
CBL,TRMT12
CBL,WDR45B
CBL,WNT4
CBL,ZBTB21
CBL,ZNF195
CBL,ZNF394
CBL,ZNF569
CBL,ZNF621
CBL,ZNF692
CBL,ZNF850
CBL,ZSCAN32
CBLB,BCAM
CBLB,CAMK2D
CBLB,CD68
CBLB,CIBAR1
CBLB,NAPRT
CBLB,PCDHA11
CBLB,PRPF18
CCDC6,DOK5
CCDC6,MZT2A
CCNB1IP1,EGLN1
CCND1,BECN1
CCND1,C6orf132
CCND1,CD300A
CCND1,DKK3
CCND1,DTD2
CCND1,EIF4E
CCND1,FTSJ1
CCND1,GMPS
CCND1,GNPDA1
CCND1,GSAP
CCND1,HSPBP1
CCND1,KCNB2
CCND1,MARCHF6
CCND1,MPO
CCND1,MRPL47
CCND1,NEDD4
CCND1,NKD1
CCND1,NSL1
CCND1,NVL
CCND1,PHB2
CCND1,RBM25
CCND1,SIGLEC10
CCND1,STK38
CCND1,TWF1
CCND1,VPS35L
CCND3,AARS2
CCND3,ACBD7
CCND3,ARL4C
CCND3,CFHR1
CCND3,DNAJA3
CCND3,EIF2S2
CCND3,GALNT18
CCND3,GNB4
CCND3,GOLGA6A
CCND3,LCA5
CCND3,MBOAT2
CCND3,PAGE5
CCND3,RAPH1
CCND3,UFL1
CCND3,VPS45
CCNE1,CALML5
CCNE1,CD14
CCNE1,EIF3H
CCNE1,FKBP1B
CCNE1,KRBOX5
CCNE1,MAPK9
CCNE1,MMD
CCNE1,ROCK2
CCNE1,TMA16
CCNE1,TOLLIP
CD274,AUTS2
CD274,BYSL
CD274,ENOPH1
CD274,RAB20
CD274,SEMA3A
CD274,SSU72
CD274,ZNF234
CD274,ZNF404
CD79A,TRIM71
CDH1,ALDH5A1
CDH1,DEGS1
CDH1,GIPC3
CDH1,IL17RA
CDH1,INHBB
CDH1,MLF2
CDH1,NEURL2
CDH1,NOM1
CDH1,SLC22A23
CDH1,SPRTN
CDH1,TMEM86A
CDH1,ZNF655
CDH11,LRCH2
CDH11,PRF1
CDK4,CDH13
CDK4,CDRT4
CDK4,FBXL20
CDK4,GDPD5
CDK4,GLIPR1L2
CDK4,KIF23
CDK4,KPNB1
CDK4,LMO7
CDK4,MAP3K6
CDK4,PARP12
CDK4,PDZK1
CDK4,TACR2
CDK4,WNT3A
CDK6,CEP97
CDK6,GADL1
CDK6,GRK6
CDK6,NOA1
CDK6,PEX2
CDKN1B,AKAP17A
CDKN1B,COL21A1
CDKN1B,CTNNA1
CDKN1B,DYNC2I2
CDKN1B,NADK2
CDKN1B,NEURL2
CDKN1B,NPRL3
CDKN1B,NR2E1
CDKN1B,PC
CDKN1B,PIK3C2G
CDKN1B,PIP5KL1
CDKN1B,PTCD1
CDKN1B,PTDSS1
CDKN1B,RABEP1
CDKN1B,RUSF1
CDKN1B,SLC13A3
CDKN1B,SLC35A5
CDKN1B,SP100
CDKN1B,TIMP3
CDKN1B,TMEM87B
CDKN1B,TRIM71
CDKN1B,TSPY8
CDKN2A,ADRA1A
CDKN2A,AMBP
CDKN2A,C18orf21
CDKN2A,CETN2
CDKN2A,CIDEB
CDKN2A,CMTM7
CDKN2A,COLQ
CDKN2A,CPQ
CDKN2A,CYCS
CDKN2A,EEF1A2
CDKN2A,EML2
CDKN2A,FAM3A
CDKN2A,GAS1
CDKN2A,GRIK5
CDKN2A,GRSF1
CDKN2A,KIRREL2
CDKN2A,LAMA4
CDKN2A,P2RX6
CDKN2A,PABPC3
CDKN2A,PARL
CDKN2A,POLR1F
CDKN2A,RNF149
CDKN2A,SETD4
CDKN2A,SHARPIN
CDKN2A,SMCO3
CDKN2A,SULT2A1
CDKN2A,TLR5
CDKN2A,TMEM123
CDKN2A,TRAPPC2L
CDKN2A,VPS36
CDKN2C,CCDC86
CDKN2C,CD24
CDX2,CD24
CDX2,RBM43
CEBPA,ASNS
CEBPA,CD44
CEBPA,CDAN1
CEBPA,CEP128
CEBPA,FDPS
CEBPA,GTPBP1
CEBPA,KCTD4
CEBPA,MPHOSPH10
CEBPA,NUDT5
CEBPA,S100A16
CEBPA,SLC12A1
CEBPA,SLC16A2
CHEK2,ANKRD44
CHEK2,CD40LG
CHEK2,DYNC2I2
CHEK2,INHBE
CHEK2,LRRC1
CHEK2,MAPK12
CHEK2,PIGN
CHEK2,SYTL3
CIITA,DENND1C
CIITA,DPCD
CIITA,MAT2B
CIITA,MRPL38
CIITA,RTBDN
CLIP1,UCK2
CLTC,SLC39A9
CNOT3,IMMT
CNOT3,LIN28B
COL1A1,ERICH2
CREB1,CDH15
CREB1,COPB1
CREB1,FNDC7
CREB1,GSN
CREB1,HABP4
CREB1,MGAT4A
CREB1,PADI1
CREB1,SPTLC1
CREB1,TREML4
CREB1,VENTX
CRTC3,KIF6
CTNNB1,ALG14
CTNNB1,BARD1
CTNNB1,BCL7C
CTNNB1,BMT2
CTNNB1,BTBD9
CTNNB1,BTG4
CTNNB1,BUD31
CTNNB1,C1orf159
CTNNB1,CCDC149
CTNNB1,CCNB1
CTNNB1,CDC42EP4
CTNNB1,CFAP206
CTNNB1,CIPC
CTNNB1,CLASRP
CTNNB1,COL10A1
CTNNB1,COPS2
CTNNB1,CPE
CTNNB1,CSTA
CTNNB1,DHX37
CTNNB1,DNAJC1
CTNNB1,DTX1
CTNNB1,EFNA5
CTNNB1,EN2
CTNNB1,EOMES
CTNNB1,ERMARD
CTNNB1,FAHD1
CTNNB1,FAM234B
CTNNB1,FAM90A19
CTNNB1,FOXD4L6
CTNNB1,FOXN3
CTNNB1,FTL
CTNNB1,GFPT2
CTNNB1,GLUD2
CTNNB1,GSTT2B
CTNNB1,H2BC13
CTNNB1,HP1BP3
CTNNB1,HPS4
CTNNB1,HSDL2
CTNNB1,HYKK
CTNNB1,IL18
CTNNB1,ING1
CTNNB1,KCTD3
CTNNB1,KCTD9
CTNNB1,LCA5
CTNNB1,METTL1
CTNNB1,NAALAD2
CTNNB1,NECAB3
CTNNB1,NMT1
CTNNB1,NOL4L
CTNNB1,NUBP2
CTNNB1,PCBD1
CTNNB1,PDE4C
CTNNB1,PIP4K2A
CTNNB1,PLA2G4C
CTNNB1,PRPF39
CTNNB1,PTPN4
CTNNB1,PTPRE
CTNNB1,RETREG1
CTNNB1,RGS19
CTNNB1,SDC3
CTNNB1,SGK1
CTNNB1,SLC18A2
CTNNB1,SMAD5
CTNNB1,SP140L
CTNNB1,SPRYD4
CTNNB1,SWI5
CTNNB1,TELO2
CTNNB1,TLE5
CTNNB1,TLR5
CTNNB1,TMEM37
CTNNB1,TP53I11
CTNNB1,TP53TG5
CTNNB1,TRIM65
CTNNB1,TTC24
CTNNB1,USP38
CTNNB1,YDJC
CTNNB1,ZC3H14
CTNNB1,ZMAT2
CTNNB1,ZNF280B
CTNNB1,ZNF350
CTNNB1,ZNF57
CTNNB1,ZNF665
CTNNB1,ZNF850
CUX1,CSPP1
CUX1,SCNN1D
CUX1,UBTD1
CXCR4,CDK19
CXCR4,METTL27
CYLD,ACTL6B
CYLD,ALAD
CYLD,ALDH6A1
CYLD,ATG4B
CYLD,CHMP2B
CYLD,EPB41
CYLD,FAM180A
CYLD,FOXRED1
CYLD,IGLL1
CYLD,LMNB1
CYLD,MATCAP1
CYLD,METTL23
CYLD,MMACHC
CYLD,NIM1K
CYLD,PCED1B
CYLD,PHF7
CYLD,PLEKHA4
CYLD,PPP1R2
CYLD,RAB40C
CYLD,SCIN
CYLD,SPANXB1
CYLD,TCTN3
CYLD,TMEM182
DAXX,ADAMTS4
DAXX,ANKLE2
DAXX,C1orf35
DAXX,CD1C
DAXX,COG8
DAXX,CWC15
DAXX,CWC22
DAXX,EDA
DAXX,EIF3H
DAXX,ELOVL5
DAXX,GALR1
DAXX,GSDMC
DAXX,HARS1
DAXX,IGBP1
DAXX,IMMT
DAXX,MAP1S
DAXX,MLKL
DAXX,MSH5
DAXX,OLFML3
DAXX,PAGE1
DAXX,PAK1
DAXX,PEX14
DAXX,PHGR1
DAXX,PLEKHH3
DAXX,PTPRCAP
DAXX,RAB5C
DAXX,SEC23IP
DAXX,SFN
DAXX,SLC35E1
DAXX,SPG21
DAXX,TANK
DAXX,TMED3
DAXX,TMEM130
DAXX,TMEM254
DAXX,WDCP
DAXX,ZBTB8OS
DAXX,ZNF563
DCTN1,ABHD3
DCTN1,DUSP16
DCTN1,FZD3
DCTN1,LDHAL6B
DCTN1,TIA1
DCTN1,ZIK1
DCTN1,ZSCAN2
DDB2,ADAP1
DDB2,ARG2
DDB2,ARHGAP1
DDB2,BMP2K
DDB2,C5orf58
DDB2,CKLF
DDB2,DOK1
DDB2,EPRS1
DDB2,GPR89A
DDB2,KANK1
DDB2,LCTL
DDB2,MAN2A2
DDB2,NUTM2B
DDB2,PTPN18
DDB2,SLC38A9
DDB2,SPINDOC
DDB2,TRMT61A
DDB2,UTP14A
DDB2,WDR44
DDIT3,BCAS1
DDIT3,CENPJ
DDIT3,CLMN
DDIT3,EVC2
DDIT3,GRIP2
DDIT3,HSD3B7
DDIT3,LRFN2
DDIT3,MMUT
DDR2,CENPC
DDR2,PDIA6
DDR2,PRPSAP1
DDX3X,CFL2
DDX3X,NEFM
DDX3X,NOP2
DDX3X,PAPSS2
DDX3X,RPL22L1
DDX3X,UCN2
DDX5,ABHD17A
DDX5,ADD3
DDX5,ADORA1
DDX5,C17orf58
DDX5,MTMR1
DDX5,NDRG4
DDX5,PCDHA12
DDX5,PIK3AP1
DDX5,PRKRA
DDX5,QPCT
DDX5,RPS29
DDX5,S100A7
DDX5,SLX4IP
DDX5,SPATA1
DDX5,SPATA2
DDX5,TDRD7
DDX6,HOOK3
DDX6,IAPP
DDX6,KDM2A
DDX6,KPNA4
DDX6,MED25
DDX6,METTL6
DDX6,SLC35D3
DEK,ESYT2
DEK,MRPS2
DEK,NOP10
DEK,TRADD
DNAJB1,ACOX1
DNAJB1,AHSG
DNAJB1,ANAPC16
DNAJB1,APBB1IP
DNAJB1,DPP8
DNAJB1,FEZ2
DNAJB1,ITM2B
DNAJB1,MAP1LC3B
DNAJB1,MERTK
DNAJB1,PIGW
DNAJB1,RSPO1
DNAJB1,TMPO
DNM2,TAL1
DNM2,WEE2
DNMT3A,CALR
DNMT3A,CLDN11
DNMT3A,EXOSC1
DNMT3A,GID4
DNMT3A,MTURN
DNMT3A,NOVA1
DNMT3A,PDHA2
DNMT3A,RNF148
DNMT3A,SPNS1
DNMT3A,TRAP1
DNMT3A,VPS11
EGFR,ACYP2
EGFR,APLP2
EGFR,ASPRV1
EGFR,B4GALT4
EGFR,C10orf67
EGFR,CARF
EGFR,CCDC127
EGFR,CENPO
EGFR,CHKB
EGFR,CHML
EGFR,CHST3
EGFR,CZIB
EGFR,DENND1B
EGFR,DPCD
EGFR,EBLN2
EGFR,ELL3
EGFR,ENTPD4
EGFR,ENTREP3
EGFR,FBXL12
EGFR,FBXO31
EGFR,FBXO9
EGFR,FEZ1
EGFR,FGF1
EGFR,GADD45B
EGFR,GALNT18
EGFR,GASK1A
EGFR,GDF9
EGFR,GLYCTK
EGFR,GPATCH3
EGFR,GRHL2
EGFR,GSTM4
EGFR,HSPB2
EGFR,HSPB9
EGFR,IGFBP5
EGFR,IVD
EGFR,KCTD20
EGFR,KRTAP25-1
EGFR,LARP7
EGFR,LUZP2
EGFR,MAPK13
EGFR,MEF2D
EGFR,MEIOSIN
EGFR,MFSD10
EGFR,MKX
EGFR,MYOG
EGFR,N4BP2L2
EGFR,NAT16
EGFR,NDUFS8
EGFR,NFYA
EGFR,NKRF
EGFR,NR1D2
EGFR,NRM
EGFR,OPN1SW
EGFR,OVOL3
EGFR,PDZK1IP1
EGFR,PEMT
EGFR,PHF23
EGFR,PLEK
EGFR,PLEKHJ1
EGFR,PNPLA3
EGFR,POU6F1
EGFR,PPDPF
EGFR,PRKAA2
EGFR,PUSL1
EGFR,RACK1
EGFR,RBP1
EGFR,RDM1
EGFR,RETREG3
EGFR,RNF220
EGFR,RNPEPL1
EGFR,RPUSD3
EGFR,SAP25
EGFR,SEMA3A
EGFR,SLC18B1
EGFR,SLC19A3
EGFR,SLC25A42
EGFR,SLC30A7
EGFR,SMIM24
EGFR,SPEM2
EGFR,SPOPL
EGFR,SPSB3
EGFR,SQSTM1
EGFR,STUM
EGFR,SUPV3L1
EGFR,TIMM8A
EGFR,TMEM168
EGFR,TMEM259
EGFR,TMEM263
EGFR,TMUB1
EGFR,TNFAIP8L2
EGFR,UAP1L1
EGFR,UBE2Q1
EGFR,VASH2
EGFR,WDR13
EGFR,ZKSCAN7
EGFR,ZNF135
EGFR,ZNF16
EGFR,ZNF202
EGFR,ZNF23
EGFR,ZNF26
EGFR,ZNF414
EGFR,ZNF565
EGFR,ZNF672
EGFR,ZNF793
EIF3E,AMMECR1
EIF3E,ANKRD61
EIF3E,BRAF
EIF3E,CITED2
EIF3E,CMSS1
EIF3E,DEFA5
EIF3E,H3C13
EIF3E,SCARF1
EIF3E,TBK1
EIF3E,WASHC4
EIF3E,ZNF625
ELL,AIFM3
ELL,BAD
ELL,C12orf57
ELL,ELOF1
ELL,GATA4
ELL,TSPY10
ELL,TSPYL5
ELL,TTC27
ELL,ZNRD2
EPAS1,GALNS
EPAS1,LETM1
EPAS1,PLA2G4A
EPAS1,ZNF467
EPS15,CAPSL
EPS15,CMPK1
EPS15,CT45A5
EPS15,FKBP11
EPS15,GSC
EPS15,ID3
EPS15,PRDM6
EPS15,SPINDOC
EPS15,XAF1
ERBB2,ARL13B
ERBB2,CERS1
ERBB2,DEPDC7
ERBB2,DIPK1A
ERBB2,DNAJB9
ERBB2,DPY19L3
ERBB2,FOXD4L3
ERBB2,IFTAP
ERBB2,MBNL1
ERBB2,NSUN7
ERBB2,PIM3
ERBB2,RPS25
ERBB2,TRA2A
ERBB2,TSPYL5
ERBB3,CA7
ERBB3,DNAJA3
ERBB3,ERICH2
ERBB3,GAS1
ERBB3,TFDP3
ERBB4,C9orf40
ERBB4,CADM1
ERBB4,ERICH1
ERBB4,GYG2
ERBB4,RBX1
ERBB4,SLC6A3
ERBB4,STAU1
ERC1,BDKRB2
ERC1,EXOSC9
ERCC2,AMOTL2
ERCC2,FBXO34
ERCC2,KCNN1
ERCC2,SSH3
ERCC2,VTI1B
ERCC3,ARHGEF19
ERCC3,CYB5D1
ERCC3,DDHD2
ERCC3,EIF4A2
ERCC3,FRMD7
ERCC3,FTO
ERCC3,MMP11
ERCC3,MRPL9
ERCC3,NECAP1
ERCC3,PCYT2
ERCC3,TYROBP
ERCC4,ALDH4A1
ERCC4,IST1
ERCC4,KCMF1
ERCC4,VPS4A
ERG,MOXD1
ERG,TXNDC11
ESR1,ACOX3
ESR1,AIP
ESR1,AKR1C3
ESR1,ALPI
ESR1,ARHGEF18
ESR1,BOC
ESR1,C21orf58
ESR1,CDCA7L
ESR1,CEBPD
ESR1,CENPT
ESR1,CIAO2B
ESR1,CISD2
ESR1,CNR1
ESR1,CTHRC1
ESR1,DDAH2
ESR1,DDT
ESR1,DNAJB5
ESR1,DPP3
ESR1,DTNB
ESR1,DUSP12
ESR1,EPHX3
ESR1,FAM180A
ESR1,FAM210B
ESR1,FANCF
ESR1,FBXO9
ESR1,FBXW10B
ESR1,FBXW8
ESR1,FNBP1
ESR1,GDPD3
ESR1,HIGD2A
ESR1,KRT6B
ESR1,KY
ESR1,LCMT1
ESR1,LRATD2
ESR1,LTC4S
ESR1,LYPD5
ESR1,LYPLAL1
ESR1,MCF2L2
ESR1,MED29
ESR1,MOGAT1
ESR1,NUDT7
ESR1,PEX13
ESR1,PLEKHO2
ESR1,POGK
ESR1,POLL
ESR1,PRDM13
ESR1,PRKAB1
ESR1,PSMD14
ESR1,PVALB
ESR1,QPCT
ESR1,RC3H1
ESR1,SLC24A2
ESR1,SNX10
ESR1,SP5
ESR1,SPANXA2
ESR1,SRGAP2B
ESR1,SSX4B
ESR1,ST6GALNAC6
ESR1,ST8SIA6
ESR1,STXBP4
ESR1,TATDN2
ESR1,TMED3
ESR1,TMEM121
ESR1,USO1
ESR1,ZEB1
ESR1,ZFPM2
ESR1,ZNF114
ESR1,ZNF721
ESR1,ZNF780A
ESR1,ZNF860
ETV4,C2CD4C
ETV4,FYB1
ETV4,RAI14
EWSR1,OXCT1
EWSR1,RPL4
EWSR1,WNT4
EZH2,ACKR3
EZH2,ARHGEF37
EZH2,ASB7
EZH2,COA3
EZH2,COMP
EZH2,DCBLD2
EZH2,DDIT4L
EZH2,DDR2
EZH2,DNAI7
EZH2,DPP8
EZH2,EPHB1
EZH2,FAM72A
EZH2,MTIF2
EZH2,NCBP1
EZH2,NDRG1
EZH2,NXPH3
EZH2,PLCXD3
EZH2,RGS18
EZH2,RYK
EZH2,SLC30A6
EZH2,SLC9A3
EZH2,SLFNL1
EZH2,SNX29
EZH2,SRGAP2C
EZH2,SSR4
EZH2,STARD10
EZH2,SUN1
EZH2,SUSD2
EZH2,TMEM184C
EZH2,WDPCP
EZH2,ZNF668
EZH2,ZNG1E
EZR,H3-3A
EZR,RPL3L
FANCA,ASPRV1
FANCA,CCT7
FANCA,KCNG3
FANCA,KCTD20
FANCA,PLAGL1
FANCA,PPIL1
FANCA,RDM1
FANCA,ZNG1A
FANCD2,ATP6V0D2
FANCD2,MATK
FANCD2,REEP6
FANCD2,RELL1
FANCE,ARL6IP1
FANCE,GDNF
FANCE,TP53TG3D
FANCF,CARMIL1
FANCF,CEMIP
FANCF,DCBLD1
FANCF,GPR156
FANCF,MRPS6
FANCF,N4BP2L1
FANCF,PGD
FANCF,ZNF189
FBXO11,CHN1
FBXO11,EIF3M
FBXO11,FBXO34
FBXO11,HACE1
FBXO11,PTPN9
FBXO11,ZNF428
FBXW7,AAR2
FBXW7,ALG1
FBXW7,ALOX15B
FBXW7,ARSB
FBXW7,BMPR1A
FBXW7,C4orf33
FBXW7,CDS2
FBXW7,CHST10
FBXW7,COX10
FBXW7,EFNA2
FBXW7,GPI
FBXW7,GPR89A
FBXW7,HINT2
FBXW7,IGFL4
FBXW7,ILRUN
FBXW7,IREB2
FBXW7,LSM3
FBXW7,MAGEA4
FBXW7,MRNIP
FBXW7,NKX2-4
FBXW7,NOA1
FBXW7,OTUD1
FBXW7,P2RX6
FBXW7,PDE3B
FBXW7,PHLDB3
FBXW7,RHOT2
FBXW7,SNCG
FBXW7,SOHLH1
FBXW7,TM4SF4
FBXW7,TP53TG3D
FBXW7,UBXN1
FBXW7,ULBP1
FBXW7,ZBTB8A
FBXW7,ZNF800
FES,P2RX1
FES,XNDC1N
FGFR2,LANCL3
FGFR2,SUPV3L1
FGFR3,ALOX5
FGFR3,CFAP45
FGFR3,PSMA6
FGFR3,SYNC
FHIT,RBM18
FIP1L1,PTCD3
FIP1L1,VSIG1
FLI1,MMAB
FLI1,MST1
FLI1,VCAM1
FLI1,VDAC2
FLT4,LSM1
FOXA1,ST3GAL5
FOXA1,TMEM50B
FOXL2,PKD2L1
FOXO1,DET1
FOXO1,GALNT15
FOXO1,HLA-E
FOXO1,SEPTIN9
FOXO1,SLC25A27
FOXO1,TPRA1
FOXO1,TUFT1
FOXO1,VPS37A
FOXO1,ZNF404
FOXO3,CYP4B1
FOXO3,DMRTA1
FOXO3,IDH3G
FOXO3,REXO2
FOXO3,SLC20A1
FOXO3,ST7L
FOXO3,ZNF564
FOXO4,GPRC5A
FOXO4,IL1RAP
FOXO4,TFEC
FOXP1,MEX3C
FOXP1,MOGS
FSTL3,ACTR1A
FUBP1,DDX28
FUBP1,FAM171A1
FUS,C1QTNF2
FUS,CCDC134
FUS,FKBP4
FUS,LENG1
FUS,SCARA3
FUS,TAB3
FUS,TGFB2
FUS,UQCRC2
GATA2,MRPS25
GATA2,NRTN
GATA2,RPS11
GATA2,SLC25A48
GNA11,CSE1L
GNA11,PTPRA
GNAQ,SAMHD1
GNAQ,ZNF132
GOLGA5,FJX1
GOPC,DUSP12
GOPC,GPC3
GOPC,LPCAT1
GOPC,MAIP1
GOPC,TPX2
GPHN,C12orf43
GRIN2A,GULP1
HERPUD1,GOLIM4
HERPUD1,LILRA6
HERPUD1,PIAS2
HIF1A,ACOT9
HIF1A,AK5
HIF1A,AOAH
HIF1A,ARHGEF33
HIF1A,ARL13A
HIF1A,ATP5MK
HIF1A,BMP8A
HIF1A,BTNL9
HIF1A,C12orf71
HIF1A,CCDC103
HIF1A,CCDC14
HIF1A,CD46
HIF1A,CRYAB
HIF1A,CYP3A7
HIF1A,DNAJC27
HIF1A,DTWD1
HIF1A,GRN
HIF1A,KCNQ2
HIF1A,LMAN2
HIF1A,MAP3K11
HIF1A,MAP7D3
HIF1A,MXRA8
HIF1A,NCKIPSD
HIF1A,NDRG2
HIF1A,NDUFS2
HIF1A,NPTN
HIF1A,OTULIN
HIF1A,PAK4
HIF1A,PANK2
HIF1A,PFN3
HIF1A,PLCXD3
HIF1A,POSTN
HIF1A,RARS1
HIF1A,REEP5
HIF1A,S100A7
HIF1A,SERBP1
HIF1A,SERP1
HIF1A,SETD4
HIF1A,SLC26A9
HIF1A,SLC2A8
HIF1A,SLC49A4
HIF1A,SNCG
HIF1A,SPAG16
HIF1A,STARD7
HIF1A,SYNGR3
HIF1A,TDRP
HIF1A,TMEM126A
HIF1A,TMEM229A
HIF1A,TRPV3
HIF1A,ULK1
HIF1A,VIM
HIF1A,ZC3H14
HIF1A,ZNF582
HIP1,UNC5CL
HIP1,WRNIP1
HLA-A,BRSK2
HLA-A,ITGA1
HLA-A,MYBL2
HLA-A,OLFML3
HLA-A,UTP14C
HMGA1,DFFB
HMGA1,DMWD
HMGA1,KCNJ3
HMGA2,CD79B
HNF1A,AMPH
HNF1A,CASP9
HNF1A,GNPTAB
HNRNPA2B1,MCU
HNRNPA2B1,SMPD4
HNRNPA2B1,VSIG1
HOOK3,ADRM1
HOOK3,AKR1B1
HOOK3,MOSPD1
HOOK3,TOGARAM2
HOXA9,CFAP119
HRAS,ALDH4A1
HRAS,ATG5
HRAS,B2M
HRAS,CPE
HRAS,FAM20B
HRAS,KCNV1
HRAS,MRPS18B
HRAS,NHLH1
HRAS,OGN
HRAS,PICALM
HRAS,PTGR3
HRAS,RBMS2
HRAS,SPRYD7
HRAS,TBC1D3G
HRAS,UBTF
HSP90AA1,ABHD18
HSP90AA1,ACKR3
HSP90AA1,ACOT8
HSP90AA1,ALKBH6
HSP90AA1,ATG12
HSP90AA1,ATG4A
HSP90AA1,ATP6V0A1
HSP90AA1,ATP6V1D
HSP90AA1,AUTS2
HSP90AA1,BCL7C
HSP90AA1,C1QBP
HSP90AA1,C8orf82
HSP90AA1,CA13
HSP90AA1,CATSPERG
HSP90AA1,CCDC12
HSP90AA1,CCDC82
HSP90AA1,CD2BP2
HSP90AA1,CD300A
HSP90AA1,CD3E
HSP90AA1,CEBPG
HSP90AA1,CHN2
HSP90AA1,CLHC1
HSP90AA1,DDB1
HSP90AA1,DMRTC1
HSP90AA1,DPY19L3
HSP90AA1,DSEL
HSP90AA1,ELL2
HSP90AA1,ELP4
HSP90AA1,EMC8
HSP90AA1,EZR
HSP90AA1,FAAP24
HSP90AA1,FAM171A1
HSP90AA1,FAM43A
HSP90AA1,GGT5
HSP90AA1,GSTCD
HSP90AA1,GTSE1
HSP90AA1,GUCA1C
HSP90AA1,H3C13
HSP90AA1,H3C14
HSP90AA1,HESX1
HSP90AA1,HMGN4
HSP90AA1,HNRNPR
HSP90AA1,HNRNPUL2
HSP90AA1,HSD17B13
HSP90AA1,IGSF5
HSP90AA1,IL1R1
HSP90AA1,ISOC2
HSP90AA1,KAT8
HSP90AA1,KPNB1
HSP90AA1,KRR1
HSP90AA1,LARS2
HSP90AA1,LYPD3
HSP90AA1,MAP7D2
HSP90AA1,MC5R
HSP90AA1,MMRN1
HSP90AA1,MRPL45
HSP90AA1,NAALADL2
HSP90AA1,NDUFA4
HSP90AA1,NFYA
HSP90AA1,NME7
HSP90AA1,NMRAL1
HSP90AA1,NUP35
HSP90AA1,NXPE3
HSP90AA1,PACRGL
HSP90AA1,PCDHB16
HSP90AA1,PDZK1
HSP90AA1,PGAP2
HSP90AA1,PHF14
HSP90AA1,PLA2G4F
HSP90AA1,PLPPR1
HSP90AA1,POLA2
HSP90AA1,POLR1H
HSP90AA1,POMT2
HSP90AA1,PPWD1
HSP90AA1,RAB5IF
HSP90AA1,RAB7A
HSP90AA1,RPN2
HSP90AA1,RTF1
HSP90AA1,S100PBP
HSP90AA1,SAMD10
HSP90AA1,SAMD4A
HSP90AA1,SAMM50
HSP90AA1,SCPEP1
HSP90AA1,SF3A1
HSP90AA1,SF3B6
HSP90AA1,SIVA1
HSP90AA1,SLC25A30
HSP90AA1,SLC25A48
HSP90AA1,SLC6A3
HSP90AA1,SLITRK6
HSP90AA1,SPATA17
HSP90AA1,SPN
HSP90AA1,SRSF8
HSP90AA1,SYN2
HSP90AA1,SYT14
HSP90AA1,TAF8
HSP90AA1,TBC1D14
HSP90AA1,TIGD1
HSP90AA1,TMCO6
HSP90AA1,TMEM167A
HSP90AA1,TMLHE
HSP90AA1,TOR4A
HSP90AA1,TOX2
HSP90AA1,TRIM72
HSP90AA1,TULP3
HSP90AA1,TWIST2
HSP90AA1,UBE3C
HSP90AA1,UGT3A2
HSP90AA1,VAMP5
HSP90AA1,VGLL1
HSP90AA1,ZBTB8OS
HSP90AA1,ZIC2
HSP90AA1,ZNF227
HSP90AA1,ZNF394
HSP90AA1,ZNF480
HSP90AA1,ZNF530
HSP90AA1,ZNF621
HSP90AA1,ZNF773
HSP90AA1,ZNF793
HSP90AA1,ZRANB2
HSP90AA1,ZSCAN29
HSP90AB1,ADAM12
HSP90AB1,C22orf39
HSP90AB1,CDIP1
HSP90AB1,CHAMP1
HSP90AB1,CLOCK
HSP90AB1,CYP4V2
HSP90AB1,FAM167A
HSP90AB1,FTCDNL1
HSP90AB1,GRHL2
HSP90AB1,GUK1
HSP90AB1,HAT1
HSP90AB1,IRAK2
HSP90AB1,KITLG
HSP90AB1,LDAF1
HSP90AB1,LMAN2
HSP90AB1,LRRC75A
HSP90AB1,MAD1L1
HSP90AB1,MIXL1
HSP90AB1,NUP35
HSP90AB1,PLA1A
HSP90AB1,PLPP5
HSP90AB1,PRMT7
HSP90AB1,RNF112
HSP90AB1,RPS6KB1
HSP90AB1,SETMAR
HSP90AB1,SLC20A1
HSP90AB1,SMARCC2
HSP90AB1,STX8
HSP90AB1,TAF9B
HSP90AB1,TBC1D19
HSP90AB1,TMEM183A
HSP90AB1,TNFAIP1
HSP90AB1,ZMYND11
HSP90AB1,ZNF579
IKBKB,ANKRD6
IKBKB,ANXA8L1
IKBKB,BMP2K
IKBKB,CNPY4
IKBKB,E4F1
IKBKB,EGR2
IKBKB,ENTREP2
IKBKB,FAM149B1
IKBKB,FBLN1
IKBKB,FBXO21
IKBKB,GATAD2A
IKBKB,GRB10
IKBKB,HSPA8
IKBKB,IGSF23
IKBKB,IKZF5
IKBKB,ITPKA
IKBKB,KRT15
IKBKB,LGALS14
IKBKB,LRRC40
IKBKB,LSM11
IKBKB,MFSD10
IKBKB,MPND
IKBKB,PM20D2
IKBKB,RSAD2
IKBKB,SANBR
IKBKB,SKA3
IKBKB,SLC24A2
IKBKB,SLC5A9
IKBKB,SYT15B
IKBKB,TBC1D14
IKBKB,TMEM198
IKBKB,TSPO2
IKBKB,WDR36
IKBKB,ZNF7
IKZF1,CBL
IKZF1,CCDC184
IKZF1,DIMT1
IKZF1,GALNT15
IKZF1,HSH2D
IKZF1,MMAA
IKZF1,MRPL38
IKZF1,MTTP
IKZF1,XKR6
IKZF3,FAM163B
IKZF3,FIG4
IKZF3,MAP2K5
IKZF3,PALM2AKAP2
IKZF3,SLC11A1
IKZF3,SLC6A12
IKZF3,SMIM5
IL6ST,CPTP
IL6ST,PFKFB2
IL6ST,RAB15
IL7R,RAMP1
IRS4,ABRAXAS1
IRS4,ATP5IF1
IRS4,BHLHE22
IRS4,BLCAP
IRS4,C1orf146
IRS4,C2CD2L
IRS4,CCND2
IRS4,DHRS7
IRS4,EVI2A
IRS4,FBXO21
IRS4,FIS1
IRS4,FUBP3
IRS4,GPR162
IRS4,GTPBP6
IRS4,HOXC8
IRS4,IRAK1BP1
IRS4,MAIP1
IRS4,MFNG
IRS4,MRPL20
IRS4,MSN
IRS4,NRSN1
IRS4,NSDHL
IRS4,PDPN
IRS4,PDX1
IRS4,PNKD
IRS4,PPP1R1C
IRS4,PPP2R1B
IRS4,S100B
IRS4,SAR1A
IRS4,SIGLEC6
IRS4,SLC26A2
IRS4,SLC44A5
IRS4,STX1A
IRS4,TMEM108
IRS4,ZBTB42
ITK,DHX36
JAK1,AHCY
JAK1,CLCN4
JAK1,CNOT6L
JAK1,DENND1B
JAK1,DLX1
JAK1,HCFC1R1
JAK1,KAT2B
JAK1,OPRK1
JAK1,RBM18
JAK1,TXNDC5
JAK1,ZNF501
JAK2,ALDH7A1
JAK2,AQP11
JAK2,CAPN10
JAK2,CYP2E1
JAK2,DDO
JAK2,ETV6
JAK2,GPR17
JAK2,GRIPAP1
JAK2,HSD17B3
JAK2,RAB29
JAK2,RGS18
JAK2,SLC25A32
JAK2,STAT6
JAK2,TMEM258
JAK2,TPD52L2
JAK2,XKR4
JAK2,ZC3H11A
JUN,AAGAB
JUN,AMOTL2
JUN,ARHGEF6
JUN,ARMT1
JUN,ASB7
JUN,CD1E
JUN,CMTM7
JUN,CX3CL1
JUN,DFFB
JUN,ELN
JUN,GAS2L1
JUN,HADHA
JUN,IER3IP1
JUN,KCNIP3
JUN,LMNB2
JUN,MITD1
JUN,NDST2
JUN,NDUFA12
JUN,P2RX6
JUN,PIK3AP1
JUN,PKD2L1
JUN,PLCB1
JUN,PMPCB
JUN,PSPH
JUN,PTPMT1
JUN,RPL36AL
JUN,SHKBP1
JUN,SMIM17
JUN,SYNC
JUN,TRMT1
JUN,TSC1
JUN,ZNF57
KDM5A,ARHGDIA
KDM5A,FAM204A
KDM6A,ARL6IP5
KDM6A,C16orf46
KDM6A,CSAD
KDM6A,PRKN
KDM6A,SMYD5
KDR,CFAP52
KDR,CT45A7
KDR,DONSON
KDR,HNRNPA0
KDR,KLF8
KDR,MAT2B
KDR,TMEM186
KEAP1,ABCB7
KEAP1,C1orf198
KEAP1,C3orf49
KEAP1,CCNB2
KEAP1,CD320
KEAP1,CDH17
KEAP1,ELAPOR1
KEAP1,EPB41
KEAP1,ETFB
KEAP1,GPBP1
KEAP1,GRAPL
KEAP1,GRPEL2
KEAP1,GSDME
KEAP1,HAUS1
KEAP1,NPEPPS
KEAP1,NTF4
KEAP1,POLG2
KEAP1,PRKCSH
KEAP1,PSMD12
KEAP1,RTBDN
KEAP1,SHMT1
KEAP1,SLC25A52
KEAP1,TBC1D3H
KEAP1,TBCB
KEAP1,TMEM214
KEAP1,ZSWIM5
KIF5B,HOXA9
KIF5B,NTRK2
KIT,C17orf80
KIT,FAM83F
KIT,L1TD1
KIT,MICU2
KIT,NXF3
KIT,PACRGL
KIT,SIM1
KIT,TBCK
KIT,TJAP1
KIT,TM7SF3
KLF4,KCNQ2
KLF4,RAB11B
KLF4,SPP1
KLF4,ZNF224
KLF6,MIPOL1
KLF6,TRIT1
KRAS,ADAMTSL1
KRAS,HSD11B2
KRAS,KCNIP2
KRAS,NEXMIF
KRAS,SEPTIN1
KRAS,VAX2
KTN1,MMAB
KTN1,SNAPC3
LATS1,ACBD5
LATS1,CYGB
LATS1,DCTD
LATS1,DCTN2
LATS1,EIF2AK2
LATS1,FTSJ1
LATS1,GABPB1
LATS1,HTATIP2
LATS1,LBX1
LATS1,MTFP1
LATS1,QTRT1
LATS1,RFC3
LATS1,TMBIM4
LATS1,TRAF4
LATS1,YJU2
LATS1,ZNF695
LATS1,ZNF771
LATS1,ZNG1B
LATS2,ASGR1
LATS2,C16orf95
LATS2,C7orf25
LATS2,GCNT4
LATS2,KCNV1
LATS2,NOLC1
LATS2,PRDM5
LATS2,SETD4
LATS2,TMEM168
LATS2,ZSCAN25
LATS2,ZSCAN9
LEF1,ADGRL2
LEF1,ARMCX1
LEF1,CSNK1A1
LEF1,DESI1
LEF1,EIF2AK2
LEF1,ERVV-2
LEF1,PLEKHA6
LEF1,PTN
LEF1,XRN2
LMNA,ACCS
LMNA,ANKRD34A
LMNA,BAHD1
LMNA,CDK19
LMNA,EIF3A
LMNA,EPOR
LMNA,FNIP2
LMNA,HNF1A
LMNA,IDUA
LMNA,RBM11
LMNA,TP73
LMNA,TRDN
LMO1,VPS4A
LMO2,CHN1
LMO2,LARS1
LMO2,LRIG3
LMO2,MTIF3
LMO2,NDUFA7
LMO2,RNF39
LMO2,SH2D1A
LYL1,TP53TG5
LYL1,TRADD
LZTR1,CD63
LZTR1,FAM162A
LZTR1,IFRD1
LZTR1,MPZL1
LZTR1,TCP11L1
MAF,FAM43B
MAF,GAPDH
MAF,KLHL14
MALT1,CHGA
MALT1,GAREM1
MALT1,MAGEH1
MALT1,MED25
MALT1,MRPL53
MALT1,NEIL3
MALT1,NUDT8
MALT1,PCDHB15
MALT1,RBM26
MALT1,SPATA21
MALT1,ZNF620
MAP2K1,CA11
MAP2K1,COPS8
MAP2K1,FAM83D
MAP2K1,GDF11
MAP2K1,H2BC5
MAP2K1,PARS2
MAP2K1,PYROXD2
MAP2K1,RAB3GAP1
MAP2K1,SC5D
MAP2K1,SMIM3
MAP2K1,VAV2
MAP2K2,MMD
MAP2K2,PAK1IP1
MAP2K4,BAALC
MAP2K4,FBLN7
MAP2K4,RBMX2
MAP2K4,TRIM72
MAP2K4,ZBTB39
MAP3K1,AP3S2
MAP3K1,ATP6V1C1
MAP3K1,CELF3
MAP3K1,GARIN5A
MAP3K1,H2BC10
MAP3K1,PHF23
MAP3K1,PLEKHJ1
MAP3K1,PSMG2
MAP3K1,TRMU
MAP3K13,GASK1A
MAP3K13,OSCAR
MAPK1,ANXA13
MAPK1,C15orf40
MAPK1,CENPB
MAPK1,DCAF6
MAPK1,DEF6
MAPK1,DIAPH3
MAPK1,EXOC6
MAPK1,FAM90A10
MAPK1,FMN1
MAPK1,GATAD1
MAPK1,IL2RG
MAPK1,KLF4
MAPK1,MGAT4B
MAPK1,MNX1
MAPK1,MYOG
MAPK1,NEO1
MAPK1,PIK3C2B
MAPK1,POU5F1B
MAPK1,PPIL4
MAPK1,RASSF2
MAPK1,SHROOM2
MAPK1,SRSF3
MAPK1,SUCLG2
MAPK1,SYN2
MAPK1,THRB
MAPK1,TOMM5
MAPK1,TSEN15
MAPK1,ZBTB1
MAPK1,ZNF343
MAX,ADRA1A
MAX,AP5Z1
MAX,CCDC188
MAX,DPH7
MAX,FNDC8
MAX,GPR50
MAX,MTMR1
MAX,PDE4B
MAX,PTGS1
MAX,TPD52
MAX,TRIML2
MAX,WDR93
MDM2,ACHE
MDM2,ACOT8
MDM2,AIFM3
MDM2,AMBP
MDM2,ANGPTL2
MDM2,AP1S1
MDM2,APOH
MDM2,AQP5
MDM2,ARHGAP9
MDM2,ATIC
MDM2,BPIFB2
MDM2,BRF2
MDM2,C2CD2L
MDM2,C4orf3
MDM2,CAB39
MDM2,CABCOCO1
MDM2,CASP6
MDM2,CCDC50
MDM2,CCDC66
MDM2,CD1B
MDM2,CD1C
MDM2,CDH26
MDM2,CFAP418
MDM2,CFL1
MDM2,CLCA2
MDM2,CLGN
MDM2,COQ7
MDM2,CYCS
MDM2,DGKH
MDM2,DHX58
MDM2,DNMT3L
MDM2,EIF3H
MDM2,ERV3-1
MDM2,EXOC6
MDM2,FHIP1B
MDM2,FLRT3
MDM2,FN3K
MDM2,FNBP1
MDM2,FSCN1
MDM2,G6PD
MDM2,GAD1
MDM2,HACE1
MDM2,HLA-E
MDM2,HSPB1
MDM2,IFT52
MDM2,IKBIP
MDM2,IL26
MDM2,IRAK2
MDM2,ITGB8
MDM2,KANSL1L
MDM2,KCNK13
MDM2,KCNV1
MDM2,KPNB1
MDM2,KRT74
MDM2,LAMTOR1
MDM2,LEMD2
MDM2,LETM1
MDM2,LLGL2
MDM2,LRRTM1
MDM2,LRTM2
MDM2,MAP3K21
MDM2,MATK
MDM2,MEMO1
MDM2,MON1A
MDM2,MYORG
MDM2,NDUFS2
MDM2,NOM1
MDM2,NOMO1
MDM2,NPTXR
MDM2,NUP153
MDM2,OGFRL1
MDM2,PI4K2B
MDM2,PIK3R3
MDM2,PKD2L1
MDM2,PKN1
MDM2,PLA2G4C
MDM2,PLD5
MDM2,POLG
MDM2,PPP1R3D
MDM2,PYCR2
MDM2,RAB5B
MDM2,RBMX2
MDM2,RGP1
MDM2,RIPOR1
MDM2,RPGR
MDM2,RPL36
MDM2,SARM1
MDM2,SDHA
MDM2,SGCE
MDM2,SIKE1
MDM2,SLC11A1
MDM2,SLC25A17
MDM2,SPINK4
MDM2,ST8SIA3
MDM2,SUCLG2
MDM2,SYNJ2
MDM2,TMBIM4
MDM2,TMC4
MDM2,TMEM245
MDM2,TMEM41B
MDM2,TMEM68
MDM2,TPD52
MDM2,TTI1
MDM2,TTI2
MDM2,UBQLN2
MDM2,VCAM1
MDM2,VIM
MDM2,XK
MDM2,ZNF16
MDM2,ZNF226
MDM2,ZNF665
MDM4,ASTN2
MDM4,CISH
MDM4,ENDOD1
MDM4,HECA
MDM4,KDR
MDM4,LIPM
MDM4,PCDHB14
MDM4,SERPINB7
MDM4,TAP2
MDM4,TGFBR3
MDM4,TSPAN33
MDM4,XKR8
MECOM,ABCF3
MECOM,AKT1
MECOM,GAGE1
MECOM,IKZF1
MECOM,MRPL28
MECOM,NAP1L2
MECOM,PSMB7
MECOM,SPPL2B
MEN1,GAGE13
MEN1,GALE
MEN1,HAS2
MEN1,HIGD1A
MEN1,ITM2B
MEN1,LGALS12
MEN1,MZB1
MEN1,PCDHB4
MEN1,PDXDC1
MEN1,RAB3D
MEN1,S1PR4
MEN1,SPTLC3
MEN1,TYR
MET,ATAD3C
MET,FGG
MITF,CYP3A7
MITF,EIF4A2
MITF,GUSB
MITF,HERC3
MITF,SET
MLH1,ASB2
MLH1,BAALC
MLH1,DLG2
MLH1,FZD4
MLH1,HEXD
MLH1,MAPK14
MLH1,MED17
MLH1,PDLIM4
MLH1,PHF14
MLH1,PLCD1
MLH1,SNX14
MLH1,TCEANC
MLH1,TIMM10
MLH1,TMEM217
MLH1,TMEM8B
MLH1,TMPRSS15
MLH1,TUFM
MLLT1,AGPAT5
MLLT1,CD99
MLLT1,E2F8
MLLT1,LRRFIP1
MLLT1,LTB4R2
MLLT1,NOTUM
MLLT1,P3H1
MLLT1,PRKACA
MLLT1,TMEM63C
MLLT10,WASF2
MLLT11,PODXL
MN1,GPC3
MPL,METTL14
MSH2,CHIC1
MSH2,DCUN1D4
MSH2,DENND6A
MSH2,EXOC8
MSH2,HAO1
MSH2,HS3ST3A1
MSH6,GABRG3
MSH6,MIPOL1
MSH6,MTERF4
MSH6,WBP2NL
MSN,NAA38
MSN,TMEM115
MTCP1,CKAP2
MYB,BMP7
MYB,EIF4B
MYB,LGALS1
MYB,MICU1
MYB,SMIM19
MYC,AANAT
MYC,ATP5F1B
MYC,BPIFB2
MYC,C1orf105
MYC,CCDC134
MYC,CDC42EP4
MYC,CDH24
MYC,COL9A2
MYC,CYP2S1
MYC,DAZAP2
MYC,DDAH2
MYC,DNAJC3
MYC,DPPA4
MYC,DPYSL4
MYC,DUSP1
MYC,ERMAP
MYC,FOXL2NB
MYC,FUT8
MYC,GABARAP
MYC,GGPS1
MYC,GLRA1
MYC,GPR34
MYC,HSPA12A
MYC,IRX1
MYC,ITM2B
MYC,ITPRID2
MYC,KCNT2
MYC,KCNV1
MYC,LARP6
MYC,LHX4
MYC,MANEA
MYC,MAPK8IP3
MYC,METTL27
MYC,MOSPD3
MYC,MSTO1
MYC,MTIF2
MYC,NDRG3
MYC,ORM1
MYC,PDP2
MYC,PKLR
MYC,PTPRK
MYC,RAB5IF
MYC,RGS22
MYC,RMDN2
MYC,SCIN
MYC,SCRT1
MYC,SLC25A24
MYC,SLC26A6
MYC,SLC2A5
MYC,SLC30A7
MYC,SLFNL1
MYC,SNTG2
MYC,SUN2
MYC,TMC7
MYC,TMEM185A
MYC,TMEM186
MYC,TMEM50A
MYC,TNFRSF9
MYC,VAC14
MYC,WDR38
MYCN,FETUB
MYCN,MEIS1
MYCN,MYT1
MYCN,NFATC3
MYCN,SPANXD
MYD88,ACAT1
MYD88,AFF3
MYD88,ANKFY1
MYD88,ASB13
MYD88,ATP5PD
MYD88,CCDC28A
MYD88,COL9A2
MYD88,DUSP19
MYD88,EFHC2
MYD88,GBA2
MYD88,NR1D1
MYD88,POLR2J
MYD88,SYTL5
MYD88,VMP1
MYO5A,GNG2
MYO5A,LSM8
MYOD1,ADGRB2
MYOD1,CCPG1
MYOD1,CELA3B
MYOD1,COG2
MYOD1,CYP2D6
MYOD1,NDUFB11
MYOD1,PCDHA6
MYOD1,PCMTD1
MYOD1,PKP3
MYOD1,PYGB
MYOD1,RAPGEF2
NBN,AIP
NBN,CAVIN3
NBN,CDK18
NBN,CFAP299
NBN,CLN6
NBN,CREB3
NBN,PRCC
NBN,PTPN5
NBN,SLC35A5
NBN,SLC3A1
NBN,SSR4
NBN,ZNF10
NCOA1,HS3ST3B1
NCOA1,HYI
NCOA1,LYPD6
NCOA1,MRPL45
NCOA1,MRPS6
NCOA1,NPTX1
NCOA1,NUDT5
NCOA1,POP7
NCOA1,SCN3B
NCOA1,SDHAF1
NCOA1,TMEM18
NCOA1,TP53TG3D
NCOA1,TRAPPC2B
NCOA1,TUBB1
NCOA1,WNT2
NCOA2,B3GNT7
NCOA2,RABL3
NCOA2,SNX7
NCOA2,TFEB
NCOA2,UBE2H
NCOA4,RTN4R
NCOA4,TMEM145
NF2,ARGLU1
NF2,GAS8
NF2,ICAM3
NF2,IMMT
NF2,MCM3
NF2,MRPL46
NF2,PARP11
NF2,PTPN11
NF2,RAD51C
NF2,S100P
NF2,UTP4
NF2,ZBTB6
NF2,ZNF768
NFATC2,KLC4
NFATC2,PUSL1
NFE2L2,ALDH3A2
NFE2L2,ANKRD34C
NFE2L2,ANTKMT
NFE2L2,APOBEC3H
NFE2L2,CAMK2N1
NFE2L2,CHST12
NFE2L2,CHST2
NFE2L2,DCPS
NFE2L2,DHX58
NFE2L2,DNAJC22
NFE2L2,EDA
NFE2L2,EML4
NFE2L2,FAM53B
NFE2L2,FNIP2
NFE2L2,HK2
NFE2L2,KCNQ2
NFE2L2,KY
NFE2L2,MARCKSL1
NFE2L2,MISP
NFE2L2,MITD1
NFE2L2,MTCP1
NFE2L2,MYO1G
NFE2L2,NPIPA9
NFE2L2,PAPOLA
NFE2L2,RBBP7
NFE2L2,SELENBP1
NFE2L2,SH3GL3
NFE2L2,SLC6A7
NFE2L2,SORCS1
NFE2L2,TEAD4
NFE2L2,TIMM13
NFE2L2,TMEM266
NFE2L2,TMEM50A
NFE2L2,TSSK3
NFE2L2,TXNDC5
NFE2L2,USP27X
NFE2L2,ZIC2
NFE2L2,ZNF44
NFE2L2,ZNF480
NFE2L2,ZNF791
NFKB2,CCL15
NFKB2,FBXL8
NFKB2,IRF7
NFKB2,PIGQ
NFKB2,SPAG11B
NFKB2,ZNF165
NFKB2,ZZZ3
NFKBIE,FGF12
NFKBIE,HIP1
NFKBIE,PALM3
NFKBIE,SERPINA10
NKX2-1,TRIM50
NR4A3,ERMAP
NRAS,CLDN11
NRAS,COCH
NRAS,GTF2A1
NRAS,HBP1
NRG1,DNAJC27
NRG1,ZBTB3
NTRK1,ABI1
NTRK1,AVPI1
NTRK1,C16orf87
NTRK1,CCDC34
NTRK1,CDH26
NTRK1,IKZF2
NTRK1,MAMDC4
NTRK1,MFF
NTRK1,MYL3
NTRK1,POLH
NTRK1,ZFAND6
NTRK2,KANSL1L
NTRK2,MAGIX
NTRK2,ZNF789
NTRK3,SERINC1
NTRK3,TEK
PAFAH1B2,SLC25A26
PALB2,ABCG2
PALB2,CENPT
PALB2,MYMX
PALB2,PYROXD2
PALB2,THAP12
PATZ1,ADAT2
PATZ1,B3GNTL1
PATZ1,SLC24A4
PAX3,AP2M1
PAX5,TTK
PAX7,LRATD1
PBX1,PCDHA1
PDGFB,EPB41L4A
PDGFRA,KIAA1328
PDGFRA,TPM4
PDGFRA,ZNF668
PDGFRB,NDOR1
PDGFRB,PTRHD1
PDGFRB,TADA2B
PER1,IDI2
PER1,PPIL2
PER1,SYCE3
PIK3CA,CCN6
PIK3CA,CYB5D2
PIK3CA,DBF4B
PIK3CA,ORC4
PIK3CA,PRKCSH
PIK3CA,TRAFD1
PIK3CA,ZC3H12A
PIK3CB,MVK
PIK3CB,PIK3AP1
PIK3R1,BPIFB2
PIK3R1,CDCA2
PIK3R1,CFAP141
PIK3R1,CNN1
PIK3R1,DCUN1D4
PIK3R1,EDA2R
PIK3R1,ENO4
PIK3R1,FAF2
PIK3R1,FOXN3
PIK3R1,GIGYF1
PIK3R1,GPR37L1
PIK3R1,HHAT
PIK3R1,HNRNPUL2
PIK3R1,ICE2
PIK3R1,LOX
PIK3R1,MCM8
PIK3R1,MEIS1
PIK3R1,MIX23
PIK3R1,NARS2
PIK3R1,PCDHA6
PIK3R1,PITX1
PIK3R1,PPM1D
PIK3R1,PRKD2
PIK3R1,PTPN1
PIK3R1,RABEP1
PIK3R1,RDM1
PIK3R1,REV1
PIK3R1,RNF14
PIK3R1,SAFB2
PIK3R1,SKAP2
PIK3R1,SLC2A5
PIK3R1,SLC5A6
PIK3R1,STN1
PIK3R1,TMEM97
PIK3R1,TSEN34
PIK3R1,TUBB1
PIK3R1,ZBTB12
PIK3R1,ZFP1
PIK3R1,ZNF20
PIK3R1,ZNF668
PIM1,AMOTL2
PIM1,CLHC1
PIM1,FRMD4A
PIM1,IGSF11
PIM1,KCNG1
PLCG1,ARL13B
PLCG1,MRPL9
PLCG1,RBMY1F
PLCG1,SF1
PLCG1,TIGD1
PLCG1,TWIST2
PLCG1,ZGLP1
PML,AMER2
PML,ANAPC15
PML,BICDL2
PML,CA7
PML,CDK5R1
PML,CEP112
PML,CERT1
PML,CTDSPL
PML,ENO4
PML,ESF1
PML,G3BP2
PML,GCKR
PML,GOLGA8B
PML,GRB2
PML,GRIK1
PML,IGFBP1
PML,IQCK
PML,MCRS1
PML,MSL2
PML,NAB2
PML,NDUFS4
PML,NTAQ1
PML,PCMTD2
PML,PDZK1IP1
PML,PHF20
PML,PLA2G4C
PML,PPP5C
PML,SALL4
PML,SAMD10
PML,SERF2
PML,SERINC1
PML,SNORC
PML,TDRD10
PML,THAP2
PML,TMEM154
PML,TSTD2
PML,UBE2L3
PML,ZNF530
PML,ZNF665
PML,ZNF782
PMS2,PRTN3
PMS2,SCRN3
PMS2,TBC1D30
PMS2,TIPRL
POLD1,FKBP7
POLD1,SLC25A52
POLD1,TRDN
POLD1,TYW3
POT1,ADGRF3
POT1,AK6
POT1,DDX18
POT1,PCDH20
POT1,TMEM241
POU2AF1,METTL14
POU2AF1,SIX5
POU5F1,AP2B1
POU5F1,C2orf76
POU5F1,NACC2
POU5F1,RLBP1
POU5F1,UQCRC2
PPP2R1A,ANAPC5
PPP2R1A,ATG4D
PPP2R1A,ATP2B4
PPP2R1A,C4orf3
PPP2R1A,CDK6
PPP2R1A,CLDN7
PPP2R1A,FOXA3
PPP2R1A,HOXA3
PPP2R1A,MINDY3
PPP2R1A,NOC3L
PPP2R1A,NPAS3
PPP2R1A,PABPN1
PPP2R1A,PCDH9
PPP2R1A,PGLS
PPP2R1A,RNF7
PPP2R1A,SFR1
PPP2R1A,STX1B
PPP2R1A,UTP15
PPP2R1A,WDR13
PPP2R1A,ZNF300
PRDM1,BDH1
PRDM1,SPRY4
PRDM1,VASP
PRDM1,ZNF587
PREX2,LSM14B
PRF1,ZNF226
PRKACA,C18orf63
PRKACA,DHX33
PRKAR1A,BCKDK
PRKAR1A,ZNF821
PSIP1,ABHD17A
PSIP1,ALDH7A1
PTCH1,RSRC2
PTCH1,VMP1
PTEN,ACADVL
PTEN,ADCY7
PTEN,ATAD3A
PTEN,BTBD9
PTEN,CARD16
PTEN,CARF
PTEN,CD48
PTEN,CENPN
PTEN,CNOT2
PTEN,CYCS
PTEN,CYFIP2
PTEN,H4C16
PTEN,HCAR3
PTEN,HERPUD2
PTEN,JUN
PTEN,KHDRBS3
PTEN,MEOX1
PTEN,NDUFB8
PTEN,NOL6
PTEN,PCDHB12
PTEN,PLD1
PTEN,PRR23C
PTEN,RFESD
PTEN,RGS18
PTEN,RHBDD3
PTEN,RRP1
PTEN,SGF29
PTEN,SLC27A6
PTEN,SLC39A7
PTEN,SLC45A4
PTEN,SLC9A4
PTEN,SURF6
PTEN,TRMT6
PTEN,UAP1L1
PTEN,UBXN8
PTEN,VCL
PTEN,WASHC1
PTEN,ZBTB11
PTEN,ZNF22
PTPN11,CLUAP1
PTPN11,COA3
PTPN11,EPS8
PTPN11,EYA1
PTPN11,FAM107A
PTPN11,FBXL3
PTPN11,GABBR1
PTPN11,GALNT2
PTPN11,GTF2H4
PTPN11,H1-10
PTPN11,MXRA8
PTPN11,NANS
PTPN11,NPAP1
PTPN11,NUBP2
PTPN11,OTC
PTPN11,PITPNA
PTPN11,PLK2
PTPN11,PPP1R3B
PTPN11,RAPGEF5
PTPN11,RSBN1L
PTPN11,SALL2
PTPN11,SF3A2
PTPN11,SFXN5
PTPN11,SHROOM1
PTPN11,TARDBP
PTPN11,TAS1R3
PTPN11,TAX1BP3
PTPN11,TMBIM1
PTPN11,TMEM94
PTPN11,TPT1
PTPN11,TXNRD1
PTPN11,UBN1
PTPN11,UCP3
PTPN11,WEE2
PTPN11,XAB2
PTPRC,PDLIM2
PTPRC,SREK1IP1
PTPRK,VKORC1L1
QKI,SLC35D2
RABEP1,AQP1
RABEP1,IMPACT
RABEP1,KLHDC1
RABEP1,LRRC31
RABEP1,NTF4
RABEP1,SLC41A3
RABEP1,STIM1
RABEP1,WLS
RAC1,APOBEC3C
RAC1,ATAD3B
RAC1,B4GALT3
RAC1,COQ4
RAC1,DMWD
RAC1,EPHX4
RAC1,FAM120C
RAC1,FAM174C
RAC1,FAM234A
RAC1,FBXL3
RAC1,ITM2A
RAC1,LRCH2
RAC1,MEGF10
RAC1,PLEKHA3
RAC1,PLK4
RAC1,PXDC1
RAC1,RAB5IF
RAC1,RABGGTB
RAC1,SH3TC1
RAC1,SHCBP1
RAC1,SLC25A51
RAC1,SLCO1B1
RAC1,SMDT1
RAC1,SRR
RAC1,STX8
RAC1,TAPT1
RAC1,TMEM168
RAC1,UQCC2
RAC1,VPS26A
RAC1,WDPCP
RAC1,ZNF668
RAD21,C15orf61
RAD21,DDX49
RAD21,KRT6A
RAD21,LHPP
RAD21,MECOM
RAD21,NOA1
RAD21,RAB14
RAD21,RNASE1
RAD21,SLC34A2
RAD21,TTC23
RAD50,CA11
RAD50,EXOSC7
RAD50,GJA1
RAD50,SYNJ2BP
RAD50,ZNF304
RAD51B,LPCAT2
RAD51B,PLAC8L1
RAD51B,SOCS2
RAD51B,TRIM74
RAP1GDS1,HOXD10
RAP1GDS1,MRPL36
RAP1GDS1,NELFA
RAP1GDS1,RFPL3
RARA,BTBD7
RARA,CALR
RARA,FGD1
RARA,GATB
RARA,KHDC1
RARA,LNX2
RARA,LYPD3
RARA,MOCS1
RARA,NRP2
RARA,PAWR
RARA,SH3BGR
RARA,SLFN13
RARA,SPANXN3
RARA,SSBP1
RARA,STIP1
RARA,THRAP3
RARA,TIGD4
RARA,TTF2
RARA,XKR8
RARA,YIPF6
RB1,ACADSB
RB1,ACAT1
RB1,BFSP1
RB1,BTG4
RB1,CELA3B
RB1,CHCHD5
RB1,CKS2
RB1,CST6
RB1,CYP2S1
RB1,DHRS11
RB1,ECHDC2
RB1,EEF1A2
RB1,FOXF2
RB1,FZD4
RB1,GALNT14
RB1,GPX2
RB1,GPX8
RB1,GUCA1C
RB1,KLC2
RB1,KLHL29
RB1,KLRC2
RB1,KRT17
RB1,LAMTOR1
RB1,LIPI
RB1,MAS1L
RB1,MMP3
RB1,MRPL52
RB1,MVP
RB1,NDUFA9
RB1,NOCT
RB1,PBK
RB1,PCDHB3
RB1,PDE4C
RB1,PGRMC2
RB1,PIH1D1
RB1,PIM2
RB1,PPIF
RB1,PRPS2
RB1,QPCT
RB1,RAB1B
RB1,RAB7A
RB1,RDH10
RB1,RPL34
RB1,SESN2
RB1,SLC25A43
RB1,SLC43A1
RB1,SOX7
RB1,SPAG11B
RB1,SRGAP2B
RB1,STK3
RB1,TACO1
RB1,TELO2
RB1,TMEM205
RB1,TMEM37
RB1,VAT1L
RB1,WARS2
RB1,ZNF747
RB1,ZNF853
RBM15,MAP2K1
RBM15,UBA52
RECQL4,AGTRAP
RECQL4,FBLIM1
RECQL4,FGF14
RECQL4,SYF2
REL,EID3
REL,INTS7
REL,MCU
REL,PEAR1
REL,RTN3
REL,TCEA1
REL,ZNF133
RET,EDA
RET,MINDY1
RET,NR0B1
RET,PAK6
RET,TIMP3
RET,TMEM68
RET,TSR2
RHOA,AKIRIN2
RHOA,ALX1
RHOA,BCL2L12
RHOA,DKKL1
RHOA,EXOC6
RHOA,HINT3
RHOA,IL1R1
RHOA,MLX
RHOA,NCOA5
RHOA,NFKBIE
RHOA,NUTM2G
RHOA,POC5
RHOA,POU4F3
RHOA,PPM1F
RHOA,RNF41
RHOA,SFSWAP
RHOA,SRSF7
RHOA,TAF9
RHOA,TMEM221
RHOA,ZNF569
RHOH,METTL21A
RNF43,CDC5L
RNF43,CHCHD6
RNF43,GCLC
RNF43,PPP1R21
RNF43,SLC49A4
RNF43,THSD1
RNF43,ZNF519
RPL10,SCLY
RPL5,CENPP
RPL5,CLHC1
RPL5,CT45A3
RPL5,EFR3B
RPL5,LBX1
RPL5,RBM42
RPL5,SAP30
RPN1,ARHGEF26
RPN1,BICC1
RPN1,NAA35
RPN1,ZSCAN9
RSPO2,RER1
RUNX1,C8orf48
RUNX1,CANX
RUNX1,DLL1
RUNX1,FKBP11
RUNX1,GNL3
RUNX1,MTX1
RUNX1,PCDHB4
RUNX1,PDHB
RUNX1,SLC5A7
RUNX1,TCHP
RUNX1T1,BHMT
RUNX1T1,CHCHD2
RUNX1T1,CYB5D2
RUNX1T1,GJC2
RUNX1T1,SCG3
RUNX1T1,SH3BP2
RUNX1T1,SLC45A3
RUNX1T1,ZNF804A
RXRA,BLOC1S5
RXRA,CREB3
RXRA,CTSB
RXRA,CTSF
RXRA,GLP2R
RXRA,KDR
RXRA,MAP3K11
RXRA,MTSS2
RXRA,NCKAP1
RXRA,TBC1D2B
RXRA,TDO2
RXRA,TMEM115
RXRA,TOMM34
RXRA,UCN2
SET,AK3
SET,APOM
SET,CERS2
SET,GCSH
SET,IRF6
SET,LRRIQ4
SET,PDCL
SET,SLC9A3
SET,TMC3
SF3B1,AP3S2
SF3B1,COMMD5
SF3B1,INKA1
SF3B1,NSMCE2
SF3B1,PNPLA3
SF3B1,ZNF432
SFPQ,BEX3
SFPQ,CALCR
SFPQ,CCDC6
SFPQ,DEGS1
SFPQ,FFAR4
SFPQ,GTDC1
SFPQ,IL36G
SFPQ,PRCP
SFPQ,SH2D1A
SFPQ,SLC6A4
SFPQ,SMIM7
SH3GL1,TNPO1
SH3GL1,ZKSCAN1
SIX1,C14orf119
SLC34A2,VARS2
SMAD2,ACTA2
SMAD2,AK6
SMAD2,BROX
SMAD2,C20orf96
SMAD2,CCDC122
SMAD2,CDH8
SMAD2,CHCHD7
SMAD2,CSTPP1
SMAD2,CWF19L2
SMAD2,DOK3
SMAD2,GADD45GIP1
SMAD2,MCCC1
SMAD2,MEMO1
SMAD2,MTX3
SMAD2,NHSL2
SMAD2,OR13C5
SMAD2,PNCK
SMAD2,RFPL3
SMAD2,SEC24D
SMAD2,SERP1
SMAD2,SIRT5
SMAD2,SLC10A3
SMAD2,SNX24
SMAD2,TDRD7
SMAD2,TMEM248
SMAD2,TMOD2
SMAD2,TP53I3
SMAD2,WASF2
SMAD2,ZC3H12B
SMAD2,ZNF550
SMAD3,ACSL5
SMAD3,ANKRD1
SMAD3,ARL13A
SMAD3,ATP8A1
SMAD3,BTG2
SMAD3,CAV1
SMAD3,CES1
SMAD3,CHAC1
SMAD3,CKS2
SMAD3,COPS4
SMAD3,CYB5A
SMAD3,EFCAB14
SMAD3,FAM171A1
SMAD3,FCRLB
SMAD3,GLB1
SMAD3,GLCE
SMAD3,GYG1
SMAD3,HEPACAM
SMAD3,JCAD
SMAD3,KCNB2
SMAD3,KDM5D
SMAD3,KRT19
SMAD3,MAP3K8
SMAD3,MARS1
SMAD3,MICU1
SMAD3,OPA3
SMAD3,OPTN
SMAD3,P4HB
SMAD3,PCCA
SMAD3,POLD4
SMAD3,PRPF6
SMAD3,PTGIS
SMAD3,RPL26
SMAD3,SAMD8
SMAD3,SMYD2
SMAD3,SNURF
SMAD3,STX8
SMAD3,TCEAL2
SMAD3,THBS2
SMAD3,TMEM50A
SMAD3,TPK1
SMAD3,TRAT1
SMAD3,UBE2O
SMAD3,USP6
SMAD3,ZDHHC2
SMARCA4,CAMLG
SMARCA4,CIBAR1
SMARCA4,CYBRD1
SMARCA4,LCN2
SMARCA4,RPS5
SMARCA4,SCAND1
SMARCA4,ZDHHC21
SMARCB1,ATP1B3
SMARCB1,BLVRB
SMARCB1,CDH3
SMARCB1,CERS2
SMARCB1,GNB4
SMARCB1,KRI1
SMARCB1,METTL27
SMARCB1,PNP
SMARCB1,S100A3
SMARCB1,TH
SMARCB1,TTC1
SMARCE1,AGTPBP1
SMARCE1,CAT
SMARCE1,CCDC9
SMARCE1,CD24
SMARCE1,GGA1
SMARCE1,GPR37
SMARCE1,HPR
SMARCE1,PCDHB14
SMARCE1,PRMT9
SMARCE1,RPN1
SND1,CHAMP1
SND1,SLC2A8
SOCS1,DPP3
SOCS1,KCTD8
SOCS1,KIAA0319L
SOCS1,MRM1
SOCS1,MYO1C
SOCS1,PCDHGC3
SOCS1,PIK3C2G
SOCS1,PTPRCAP
SOCS1,SEZ6L
SOCS1,TCOF1
SOCS1,TSPAN11
SOX2,ANKLE2
SOX2,ARL6IP1
SOX2,BPNT2
SOX2,CACYBP
SOX2,CD276
SOX2,CFAP251
SOX2,CHST12
SOX2,CRK
SOX2,DCAF16
SOX2,DKC1
SOX2,DUS4L
SOX2,EXOC3L2
SOX2,FAM83D
SOX2,FOXRED1
SOX2,GADD45A
SOX2,H1-4
SOX2,ITGA7
SOX2,LCA5L
SOX2,LRRC37B
SOX2,MMP9
SOX2,MTERF4
SOX2,NAGS
SOX2,NBPF15
SOX2,NFKBIA
SOX2,RABEPK
SOX2,SLK
SOX2,SMIM3
SOX2,SOCS7
SOX2,STBD1
SOX2,TMCO3
SOX2,UGT1A6
SOX2,VRK2
SOX2,ZNF474
SOX2,ZNF846
SPOP,AKR1B1
SPOP,ANKRD13D
SPOP,ARHGEF40
SPOP,AS3MT
SPOP,C1QL1
SPOP,EXTL2
SPOP,FCRLB
SPOP,FSIP1
SPOP,GRPEL2
SPOP,HES3
SPOP,HOXA6
SPOP,IRF2BP2
SPOP,ITIH4
SPOP,KCNG4
SPOP,KLHDC10
SPOP,NGEF
SPOP,OR6C6
SPOP,PCDHB11
SPOP,POU5F1
SPOP,RAMAC
SPOP,RBMY1A1
SPOP,SH3BP5
SPOP,SLC25A13
SPOP,UFC1
SPOP,VTI1B
SPOP,ZNF174
SPOP,ZNF224
SRC,ADPGK
SRC,AKIRIN1
SRC,B4GALT1
SRC,BBS4
SRC,CCDC61
SRC,CNRIP1
SRC,CTSA
SRC,DENND2B
SRC,DGKD
SRC,DHX58
SRC,DPY19L4
SRC,DUSP23
SRC,EIF5
SRC,EPOP
SRC,FABP1
SRC,FAH
SRC,FAM180A
SRC,FANK1
SRC,FBXO44
SRC,FCHSD1
SRC,GCNT2
SRC,GCSH
SRC,GMPS
SRC,GRK5
SRC,IL27RA
SRC,KIAA0232
SRC,MCRIP1
SRC,MMS22L
SRC,MPP3
SRC,MRAP
SRC,MTMR11
SRC,MYEOV
SRC,NELFB
SRC,NGDN
SRC,OAT
SRC,PHYHIP
SRC,PLEKHH3
SRC,PPP2R1A
SRC,PSMD1
SRC,PYROXD2
SRC,RBFA
SRC,RUVBL2
SRC,TSNARE1
SRC,UBE2O
SRC,VAV2
SRC,VSNL1
SRC,WDR38
SRC,YJEFN3
SRC,ZDHHC17
SRC,ZNF121
SRC,ZNF662
SRSF2,PCDHA1
SRSF2,PSMD5
SRSF2,RIN2
SRSF3,GGTA1
SRSF3,OXGR1
SRSF3,PNPLA2
SS18,ACO1
SS18,CBFA2T2
SS18,KRAS
SS18,MPZL3
SS18,MYOM3
SS18,PPP6R1
SS18,RPL28
SSX2,DISC1
SSX2,KRT15
SSX2,PRPSAP1
SSX2,SRRM1
SSX2,TMEM31
STAG2,RNF19B
STAG2,SLC28A1
STAT3,AFG3L2
STAT3,AK6
STAT3,ANKFY1
STAT3,ANKRD6
STAT3,C1orf105
STAT3,C20orf96
STAT3,CA5B
STAT3,CALD1
STAT3,CES1
STAT3,DCAF15
STAT3,DIO3
STAT3,DRAM2
STAT3,ERAL1
STAT3,GPR148
STAT3,IQCB1
STAT3,KRT23
STAT3,LILRB3
STAT3,LRRC36
STAT3,MACC1
STAT3,NDUFA4L2
STAT3,NDUFB1
STAT3,NECAP1
STAT3,PCDHB14
STAT3,RGS18
STAT3,S100A8
STAT3,SLC26A1
STAT3,ST8SIA5
STAT3,TMEM87A
STAT3,TTC39B
STAT3,UTP11
STAT3,WDFY1
STAT3,WNT2
STAT3,ZCCHC12
STAT3,ZG16B
STAT3,ZNF474
STAT3,ZNF564
STAT3,ZNF624
STAT5B,ACOT8
STAT5B,STX6
STAT5B,TBC1D28
STAT6,CUL2
STAT6,MASP2
STRN,CCNJL
STRN,PAGE5
STRN,PARP11
SUFU,CPZ
SUFU,FAM241A
SUFU,TEFM
SUZ12,CCDC32
SUZ12,CMTM7
SUZ12,CSF1
SUZ12,FAM53B
SUZ12,FBF1
SUZ12,HLA-DPB1
SUZ12,ICOS
SUZ12,IL4R
SUZ12,KRT16
SUZ12,MVK
SUZ12,PSTK
SUZ12,STK40
SUZ12,TERF1
SUZ12,TMCO6
SUZ12,TREH
SYK,CDK11A
SYK,CENPB
SYK,CES2
SYK,COQ8A
SYK,CYB5D1
SYK,DBR1
SYK,DIO3
SYK,GTF3A
SYK,HNRNPR
SYK,JADE2
SYK,LIPM
SYK,MECOM
SYK,MPZL2
SYK,NELFCD
SYK,PYROXD2
SYK,RP9
SYK,SYNGR2
SYK,YRDC
TAF15,MRPL37
TAF15,RSU1
TAL1,AKR1C1
TAL1,ALG12
TAL1,ALX1
TAL1,APBB3
TAL1,BBS2
TAL1,CAVIN2
TAL1,GBP4
TAL1,IDH2
TAL1,ME2
TAL1,METTL13
TAL1,MTPAP
TAL1,ORMDL1
TAL1,PKP4
TAL1,REXO2
TAL1,RNF141
TAL1,TRAPPC3
TAL1,TUBGCP4
TBL1XR1,BCL2L1
TBL1XR1,C19orf12
TBL1XR1,CAPZA2
TBL1XR1,ERLIN1
TBL1XR1,GOLGA6A
TBL1XR1,IL12RB2
TBL1XR1,PPFIA1
TCEA1,KLHDC1
TCF12,AMH
TCF12,IKBKG
TCF12,LGALS1
TCF12,MRAS
TCF3,ARF1
TCF3,CEP72
TCF3,COX4I1
TCF3,FLT3
TCF3,GGPS1
TCF3,KIAA0319L
TCF3,MMP2
TCF3,MSTO1
TCF3,OSBPL9
TCF3,PDGFD
TCF3,PGLYRP1
TCF3,TLR6
TCF3,TP53I3
TCF7L2,HDDC2
TCF7L2,HSPBP1
TCF7L2,KIAA0930
TCF7L2,NUBP1
TCF7L2,SERTAD1
TCL1A,CEACAM5
TCL1A,GIMAP2
TERT,CCL2
TERT,CHRND
TERT,IL17RB
TERT,NDRG1
TERT,RNF148
TERT,SPATA7
TERT,STARD7
TERT,TMEM123
TERT,TSPAN16
TERT,ZKSCAN1
TFE3,TMEM8B
TFG,DUS1L
TLX1,FAM83A
TLX1,PPP1R3E
TNFAIP3,AP1G1
TNFAIP3,APP
TNFAIP3,EARS2
TNFAIP3,ENY2
TNFAIP3,EZHIP
TNFAIP3,FAM117B
TNFAIP3,FBLL1
TNFAIP3,IQCE
TNFAIP3,IRAK3
TNFAIP3,JUN
TNFAIP3,KCNE3
TNFAIP3,KLF9
TNFAIP3,LDLRAD4
TNFAIP3,LYPD1
TNFAIP3,MARCHF5
TNFAIP3,OGFRL1
TNFAIP3,POMT2
TNFAIP3,PSMB8
TNFAIP3,RFK
TNFAIP3,RRAD
TNFAIP3,RTN4R
TNFAIP3,SCG2
TNFAIP3,SLC16A14
TNFAIP3,SNCAIP
TNFAIP3,ZNF414
TNFRSF14,C6orf132
TNFRSF14,RSC1A1
TOP1,AAMP
TOP1,AP2A2
TOP1,C4orf46
TOP1,MFSD1
TOP1,NUDT11
TOP1,PODXL2
TOP1,SGK3
TOP1,SLC25A32
TOP1,TUBB3
TOP1,UMPS
TOP1,UNC5A
TOP1,ZSWIM3
TP53,ABCB8
TP53,ABHD13
TP53,ACAT2
TP53,ACOX2
TP53,ADAM10
TP53,ADAMTS15
TP53,ADH1C
TP53,AFAP1L2
TP53,AFP
TP53,AGPAT5
TP53,AK5
TP53,AKR7A2
TP53,ALG9
TP53,AMDHD1
TP53,AP4B1
TP53,API5
TP53,APLP2
TP53,ARID4B
TP53,ARID5B
TP53,ASIP
TP53,ATP5PB
TP53,BLOC1S3
TP53,BLOC1S5
TP53,BPHL
TP53,C19orf67
TP53,C1QL2
TP53,C1orf159
TP53,C4orf46
TP53,C5orf46
TP53,CACNG6
TP53,CAMK2N2
TP53,CAPN10
TP53,CAVIN4
TP53,CBY2
TP53,CCDC149
TP53,CD2
TP53,CDK5RAP1
TP53,CDPF1
TP53,CES1
TP53,CES4A
TP53,CISH
TP53,CLDN4
TP53,CLIC2
TP53,CLTRN
TP53,COPE
TP53,CORO2B
TP53,CRIP3
TP53,CRTAP
TP53,CSRNP2
TP53,CYP2E1
TP53,DGKG
TP53,DKC1
TP53,DLL1
TP53,DNAJC22
TP53,DRG2
TP53,DTNB
TP53,ELOVL3
TP53,EPHX4
TP53,EPS8L3
TP53,EXOC3L1
TP53,F2RL1
TP53,FFAR4
TP53,FGD1
TP53,FHOD1
TP53,FOXF2
TP53,FXYD2
TP53,FYCO1
TP53,GGN
TP53,GLDC
TP53,GORASP1
TP53,GPANK1
TP53,GPR20
TP53,GPRC5B
TP53,GSTM2
TP53,GUCA1A
TP53,GULP1
TP53,HOPX
TP53,HSPB3
TP53,IL20RB
TP53,INTS7
TP53,JAM2
TP53,JSRP1
TP53,KCNIP2
TP53,KCNJ13
TP53,KIAA0513
TP53,KRCC1
TP53,KRT86
TP53,L3MBTL3
TP53,LAMB3
TP53,LANCL3
TP53,LAX1
TP53,LCA5L
TP53,LDLRAD3
TP53,LHPP
TP53,LTA4H
TP53,LYSMD3
TP53,MALT1
TP53,MAP4K5
TP53,MAPT
TP53,MARCHF1
TP53,MED7
TP53,MEGF10
TP53,MGAT4A
TP53,MLNR
TP53,MR1
TP53,NACC2
TP53,NAMPT
TP53,NARS1
TP53,NCKIPSD
TP53,NDUFB5
TP53,NDUFC1
TP53,NEDD4
TP53,NINJ2
TP53,NKD1
TP53,NOSTRIN
TP53,NRM
TP53,NSL1
TP53,NUDCD2
TP53,NUDT11
TP53,OR6B3
TP53,PANK4
TP53,PAQR8
TP53,PAX9
TP53,PCDHA11
TP53,PDF
TP53,PDIA3
TP53,PIK3C2G
TP53,PISD
TP53,PKD2L1
TP53,PLEKHG6
TP53,PLEKHH1
TP53,PMEL
TP53,PPM1K
TP53,PQBP1
TP53,PRELID1
TP53,PREP
TP53,PRKACG
TP53,PRMT9
TP53,PSKH1
TP53,RAB43
TP53,RAB6B
TP53,RASA4B
TP53,RBM19
TP53,RC3H1
TP53,RGS18
TP53,RIGI
TP53,RILPL2
TP53,RIPOR1
TP53,RNF149
TP53,RNF180
TP53,RTKN
TP53,RTN4RL1
TP53,S100A16
TP53,SAMD4A
TP53,SCHIP1
TP53,SHMT2
TP53,SHTN1
TP53,SLC30A6
TP53,SLC41A1
TP53,SLC9A2
TP53,SLCO4A1
TP53,SLMAP
TP53,SMG6
TP53,SMG9
TP53,SMPD4
TP53,SNAP29
TP53,SNX27
TP53,SORD
TP53,SOWAHB
TP53,SPTLC3
TP53,STARD3NL
TP53,STIM1
TP53,SYNM
TP53,TAP2
TP53,TARS1
TP53,TBC1D23
TP53,TBCB
TP53,TBRG4
TP53,TEKT3
TP53,TEX36
TP53,TEX38
TP53,TGFBR3L
TP53,TGS1
TP53,TMEM164
TP53,TMEM209
TP53,TMEM221
TP53,TMPO
TP53,TNPO3
TP53,TP53TG3
TP53,TRAPPC2L
TP53,TRAT1
TP53,TRIM36
TP53,TTC23
TP53,TTF2
TP53,TULP2
TP53,TUSC2
TP53,UBXN1
TP53,UBXN6
TP53,VAMP7
TP53,VPS35L
TP53,VSNL1
TP53,VTN
TP53,WDR31
TP53,WWC2
TP53,YIPF4
TP53,YJU2B
TP53,ZC3H11B
TP53,ZFPL1
TP53,ZNF275
TP53,ZNF408
TP53,ZNF446
TP53,ZNF57
TP53,ZNHIT3
TRAF7,TADA3
TRIM24,DOK2
TRIM24,GPRIN3
TRIM24,MED17
TRIM24,SLC25A45
TRIM27,ATP6V1A
TRIM27,CFL1
TRIM27,CSRNP3
TRIM27,DCK
TRIM27,EBAG9
TRIM27,EBPL
TRIM27,H3C2
TRIM27,IRF2BP1
TRIM27,MIEN1
TRIM27,NMI
TRIM27,PSME3
TRIM27,SHISA3
TRIM27,SIRT7
TRIM27,TTC32
TRIM27,ZNF189
TRIM33,CCT6A
TRIM33,CPNE5
TRIM33,HIF3A
TRIM33,KIFAP3
TRIM33,PPP3CA
TRIM33,PYROXD2
TRIM33,TAP2
TSC1,RNF168
TSC1,SPATA33
TSC2,SLC48A1
U2AF1,CEP85
U2AF1,HS3ST3A1
U2AF1,LSM3
U2AF1,PAFAH1B3
U2AF1,UTP3
USP6,C14orf93
USP8,DDX23
USP8,IDH2
USP8,IYD
USP8,LIMK1
USP8,MCIDAS
USP8,PLAC1
USP8,RFWD3
USP8,TFAP2B
USP8,TMEM184C
USP8,TRIM62
USP8,WDR89
WAS,BAHD1
WAS,EIF2B3
WAS,IRF7
WAS,KCTD13
WAS,RRM2B
WAS,RSL1D1
WAS,TFAP2C
WAS,ZFP69B
WAS,ZNF623
WRN,ANKRD10
WRN,FOXL2
WRN,MTFMT
WRN,POPDC3
WRN,ZNF200
WT1,GAS2L1
WT1,LYN
WT1,OCEL1
WT1,SNX2
WT1,TSR3
WWTR1,CIP2A
WWTR1,CYC1
WWTR1,ELOA
WWTR1,KNOP1
WWTR1,KPNA6
WWTR1,MAMDC2
WWTR1,SNX14
XPA,LIPA
XPA,ZFYVE16
XPC,CELA3B
XPC,LONRF1
XPC,RAB6D
XPC,RBM28
XPC,SARS1
XPC,SPCS2
XPO1,AGBL5
XPO1,CYB5A
XPO1,DNAAF4
XPO1,GSTA5
XPO1,LRRC15
XPO1,OVGP1
XPO1,RAB40C
XPO1,SPRYD7
XPO1,TP53TG3D
ZMYM2,CTSE
ZMYM2,HAX1
ZMYM2,MVB12B
ZMYM2,PGM2
